total_population,median_income,unemployed,labor_force,housing_units,state_name,state,year,data_source,unemployment_rate
4747424,42934,215543,2259707,1831269,Alabama,1,2011,ACS_5yr_2011,9.538537518
700703,69014,30932,384749,252920,Alaska,2,2011,ACS_5yr_2011,8.039527068
6337373,50752,268363,3027149,2344215,Arizona,4,2011,ACS_5yr_2011,8.865206173
2895928,40149,114100,1373224,1121386,Arkansas,5,2011,ACS_5yr_2011,8.308913914
36969200,61632,1868871,18618649,12433172,California,6,2011,ACS_5yr_2011,10.03762948
4966061,57685,203279,2710732,1941193,Colorado,8,2011,ACS_5yr_2011,7.499044539
3558172,69243,163634,1937088,1360115,Connecticut,9,2011,ACS_5yr_2011,8.44742211
890856,59317,35231,459204,332837,Delaware,10,2011,ACS_5yr_2011,7.672189267
593955,61835,33495,337523,260136,District of Columbia,11,2011,ACS_5yr_2011,9.923768158
18688787,47827,948078,9264920,7140096,Florida,12,2011,ACS_5yr_2011,10.23298636
9600612,49736,469316,4813601,3490754,Georgia,13,2011,ACS_5yr_2011,9.74979023
1346554,67116,43274,717929,445513,Hawaii,15,2011,ACS_5yr_2011,6.027615544
1549987,46890,59871,763598,575497,Idaho,16,2011,ACS_5yr_2011,7.840643899
12790182,56576,622727,6688329,4773002,Illinois,17,2011,ACS_5yr_2011,9.310651435
6454254,48393,294244,3283673,2472870,Indiana,18,2011,ACS_5yr_2011,8.96081918
3032266,50451,90571,1647363,1219137,Iowa,19,2011,ACS_5yr_2011,5.49793822
2830985,50594,95489,1506400,1104479,Kansas,20,2011,ACS_5yr_2011,6.338887414
4316040,42248,182507,2065869,1681085,Kentucky,21,2011,ACS_5yr_2011,8.834393662
4484596,44086,172040,2163213,1675097,Louisiana,22,2011,ACS_5yr_2011,7.95298475
1328543,47898,50266,707618,551601,Maine,23,2011,ACS_5yr_2011,7.103550221
5736545,72419,227600,3166018,2128377,Maryland,24,2011,ACS_5yr_2011,7.188840998
6512227,65981,287476,3573919,2522409,Massachusetts,25,2011,ACS_5yr_2011,8.043718954
9920621,48669,601515,4913677,3825182,Michigan,26,2011,ACS_5yr_2011,12.24164714
5278190,58476,201649,2939455,2094265,Minnesota,27,2011,ACS_5yr_2011,6.860081206
2956700,38718,134828,1358958,1085062,Mississippi,28,2011,ACS_5yr_2011,9.921425092
5955802,47202,244812,3056406,2354104,Missouri,29,2011,ACS_5yr_2011,8.009799745
982854,45324,32646,513196,403495,Montana,30,2011,ACS_5yr_2011,6.361312247
1813061,50695,54055,1001009,715703,Nebraska,31,2011,ACS_5yr_2011,5.400051348
2673396,55553,145293,1401953,986741,Nevada,32,2011,ACS_5yr_2011,10.36361419
1315911,64664,46668,743342,514869,New Hampshire,33,2011,ACS_5yr_2011,6.27813308
8753064,71180,402751,4633565,3180854,New Jersey,34,2011,ACS_5yr_2011,8.692033024
2037136,44631,78901,974512,762002,New Mexico,35,2011,ACS_5yr_2011,8.09646264
19302448,56951,803436,9881672,7215687,New York,36,2011,ACS_5yr_2011,8.130567378
9418736,46291,455742,4784984,3664119,North Carolina,37,2011,ACS_5yr_2011,9.524420562
666783,49415,12772,376826,278669,North Dakota,38,2011,ACS_5yr_2011,3.38936273
11525536,48071,545888,5883960,4554007,Ohio,39,2011,ACS_5yr_2011,9.27756137
3714520,44287,116866,1823779,1432735,Oklahoma,40,2011,ACS_5yr_2011,6.407903589
3801991,49850,191276,1947759,1509554,Oregon,41,2011,ACS_5yr_2011,9.820311445
12660739,51651,508654,6456527,4952566,Pennsylvania,42,2011,ACS_5yr_2011,7.878136342
3742586,19122,238059,1375100,1230093,Puerto Rico,72,2011,ACS_5yr_2011,17.31212275
1053959,55975,50461,567760,410475,Rhode Island,44,2011,ACS_5yr_2011,8.887734254
4575864,44587,227214,2262934,1758732,South Carolina,45,2011,ACS_5yr_2011,10.0406817
807697,48010,20958,438039,318466,South Dakota,46,2011,ACS_5yr_2011,4.784505489
6297991,43989,287097,3122238,2457997,Tennessee,47,2011,ACS_5yr_2011,9.195231113
24774187,50920,890438,12285284,8667807,Texas,48,2011,ACS_5yr_2011,7.248005012
2715379,57783,87453,1345620,871358,Utah,49,2011,ACS_5yr_2011,6.499085923
624958,53422,22141,351086,256711,Vermont,50,2011,ACS_5yr_2011,6.306432042
7926192,63302,265331,4231576,2991025,Virginia,51,2011,ACS_5yr_2011,6.270264318
6652845,58890,286062,3474595,2602568,Washington,53,2011,ACS_5yr_2011,8.232959525
1846372,39550,62164,826469,740080,West Virginia,54,2011,ACS_5yr_2011,7.52163723
5664893,52374,219865,3084116,2279738,Wisconsin,55,2011,ACS_5yr_2011,7.12894716
554697,56380,14173,304922,219628,Wyoming,56,2011,ACS_5yr_2011,4.648073934
4777326,43160,230778,2265008,1837576,Alabama,1,2012,ACS_5yr_2012,10.18883819
711139,69917,31369,389890,252991,Alaska,2,2012,ACS_5yr_2012,8.045602606
6410979,50256,296132,3049419,2357158,Arizona,4,2012,ACS_5yr_2012,9.711095786
2916372,40531,117354,1377211,1128797,Arkansas,5,2012,ACS_5yr_2012,8.52113438
37325068,61400,2059444,18821426,12466331,California,6,2012,ACS_5yr_2012,10.94201895
5042853,58244,218419,2749557,1962753,Colorado,8,2012,ACS_5yr_2012,7.943788763
3572213,69519,177706,1949251,1360184,Connecticut,9,2012,ACS_5yr_2012,9.116629926
900131,60119,38591,464607,334076,Delaware,10,2012,ACS_5yr_2012,8.30615983
605759,64267,36228,348010,261192,District of Columbia,11,2012,ACS_5yr_2012,10.41004569
18885152,47309,1049899,9328439,7147013,Florida,12,2012,ACS_5yr_2012,11.2548198
9714569,49604,511530,4844814,3508477,Georgia,13,2012,ACS_5yr_2012,10.55830007
1362730,67492,46224,727728,447453,Hawaii,15,2012,ACS_5yr_2012,6.351823758
1567803,47015,65289,767626,577648,Idaho,16,2012,ACS_5yr_2012,8.505313786
12823860,56853,663891,6719976,4774275,Illinois,17,2012,ACS_5yr_2012,9.879365641
6485530,48374,309363,3292887,2478846,Indiana,18,2012,ACS_5yr_2012,9.394886615
3047646,51129,91676,1651480,1223509,Iowa,19,2012,ACS_5yr_2012,5.551142006
2851183,51273,100505,1513938,1109391,Kansas,20,2012,ACS_5yr_2012,6.638647025
4340167,42610,194610,2071789,1691716,Kentucky,21,2012,ACS_5yr_2012,9.393331078
4529605,44673,182864,2192304,1696499,Louisiana,22,2012,ACS_5yr_2012,8.341178961
1329084,48219,52318,706163,553208,Maine,23,2012,ACS_5yr_2012,7.408771063
5785496,72999,246720,3199290,2138806,Maryland,24,2012,ACS_5yr_2012,7.711711036
6560595,66658,305515,3614094,2525694,Massachusetts,25,2012,ACS_5yr_2012,8.453432589
9897264,48471,614849,4889594,3818931,Michigan,26,2012,ACS_5yr_2012,12.57464321
5313081,59126,207462,2955309,2101875,Minnesota,27,2012,ACS_5yr_2012,7.019976591
2967620,38882,143126,1361499,1087791,Mississippi,28,2012,ACS_5yr_2012,10.51238378
5982413,47333,259574,3062560,2358270,Missouri,29,2012,ACS_5yr_2012,8.475719659
990785,45456,35541,517348,405508,Montana,30,2012,ACS_5yr_2012,6.869843896
1827306,51381,55912,1008534,721026,Nebraska,31,2012,ACS_5yr_2012,5.543888456
2704204,54083,166416,1414374,992896,Nevada,32,2012,ACS_5yr_2012,11.76605339
1317474,64925,48926,745330,516845,New Hampshire,33,2012,ACS_5yr_2012,6.564340628
8793888,71637,443328,4672338,3186878,New Jersey,34,2012,ACS_5yr_2012,9.488354652
2055287,44886,88267,979619,763844,New Mexico,35,2012,ACS_5yr_2012,9.010339734
19398125,57683,869729,9969586,7230896,New York,36,2012,ACS_5yr_2012,8.723822634
9544249,46450,497589,4832418,3693221,North Carolina,37,2012,ACS_5yr_2012,10.29689485
676253,51641,12709,383089,282667,North Dakota,38,2012,ACS_5yr_2012,3.317505854
11533561,48246,569218,5880517,4555709,Ohio,39,2012,ACS_5yr_2012,9.67972714
3749005,44891,122629,1834109,1439292,Oklahoma,40,2012,ACS_5yr_2012,6.686025749
3836628,50036,210379,1957085,1512718,Oregon,41,2012,ACS_5yr_2012,10.74960975
12699589,52267,548580,6487488,4959633,Pennsylvania,42,2012,ACS_5yr_2012,8.455969398
3716727,19515,242218,1365560,1217584,Puerto Rico,72,2012,ACS_5yr_2012,17.73763145
1052471,56102,53904,568800,410639,Rhode Island,44,2012,ACS_5yr_2012,9.476793249
4630351,44623,248835,2280559,1768255,South Carolina,45,2012,ACS_5yr_2012,10.91114065
815871,49091,21687,441775,320467,South Dakota,46,2012,ACS_5yr_2012,4.909060042
6353226,44140,304598,3137286,2468841,Tennessee,47,2012,ACS_5yr_2012,9.70896501
25208897,51563,960408,12507191,8782598,Texas,48,2012,ACS_5yr_2012,7.678846513
2766233,58164,96504,1368252,880873,Utah,49,2012,ACS_5yr_2012,7.053086712
625498,54168,22911,350996,256830,Vermont,50,2012,ACS_5yr_2012,6.527424814
8014955,63636,286994,4276515,3006219,Virginia,51,2012,ACS_5yr_2012,6.710931682
6738714,59374,309049,3511749,2619995,Washington,53,2012,ACS_5yr_2012,8.800429643
1850481,40400,65115,827489,742674,West Virginia,54,2012,ACS_5yr_2012,7.868986778
5687219,52627,230456,3090671,2286339,Wisconsin,55,2012,ACS_5yr_2012,7.456503782
562803,56573,15537,307324,221479,Wyoming,56,2012,ACS_5yr_2012,5.055576525
4799277,43253,241930,2259344,1838683,Alabama,1,2013,ACS_5yr_2013,10.70797541
720316,70760,32939,393037,251899,Alaska,2,2013,ACS_5yr_2013,8.38063592
6479703,49774,316360,3056508,2370289,Arizona,4,2013,ACS_5yr_2013,10.35037369
2933369,40768,121235,1372975,1129723,Arkansas,5,2013,ACS_5yr_2013,8.830095231
37659181,61094,2168665,18946244,12542460,California,6,2013,ACS_5yr_2013,11.44641123
5119329,58433,231741,2774490,1977591,Colorado,8,2013,ACS_5yr_2013,8.352562092
3583561,69461,190709,1958723,1355849,Connecticut,9,2013,ACS_5yr_2013,9.73639458
908446,59878,41207,466696,335707,Delaware,10,2013,ACS_5yr_2013,8.82951643
619371,65830,38994,357458,263649,District of Columbia,11,2013,ACS_5yr_2013,10.90869417
19091156,46956,1096028,9355809,7158980,Florida,12,2013,ACS_5yr_2013,11.7149463
9810417,49179,544802,4852644,3518097,Georgia,13,2013,ACS_5yr_2013,11.22691053
1376298,67402,48748,728795,449771,Hawaii,15,2013,ACS_5yr_2013,6.688849402
1583364,46767,67189,766649,579797,Idaho,16,2013,ACS_5yr_2013,8.763984561
12848554,56797,700616,6718236,4772723,Illinois,17,2013,ACS_5yr_2013,10.42857083
6514861,48248,315476,3283407,2481793,Indiana,18,2013,ACS_5yr_2013,9.608190517
3062553,51843,94913,1650140,1226547,Iowa,19,2013,ACS_5yr_2013,5.751814998
2868107,51332,104341,1509187,1110440,Kansas,20,2013,ACS_5yr_2013,6.913722421
4361333,43036,201987,2076555,1694996,Kentucky,21,2013,ACS_5yr_2013,9.727023845
4567968,44874,192166,2203325,1707852,Louisiana,22,2013,ACS_5yr_2013,8.721636617
1328320,48453,53866,703066,553823,Maine,23,2013,ACS_5yr_2013,7.661585114
5834299,73538,260567,3214633,2146240,Maryland,24,2013,ACS_5yr_2013,8.105653118
6605058,66866,322730,3636347,2530147,Massachusetts,25,2013,ACS_5yr_2013,8.875115604
9886095,48411,616469,4864014,3823280,Michigan,26,2013,ACS_5yr_2013,12.67407947
5347740,59836,210815,2961476,2107232,Minnesota,27,2013,ACS_5yr_2013,7.118578709
2976872,39031,149148,1355687,1088073,Mississippi,28,2013,ACS_5yr_2013,11.00165451
6007182,47380,267644,3059214,2360131,Missouri,29,2013,ACS_5yr_2013,8.748783184
998554,46230,37702,518296,405525,Montana,30,2013,ACS_5yr_2013,7.27422168
1841625,51672,57525,1011281,725787,Nebraska,31,2013,ACS_5yr_2013,5.68832995
2730066,52800,175142,1414220,999016,Nevada,32,2013,ACS_5yr_2013,12.38435321
1319171,64916,51670,743855,518245,New Hampshire,33,2013,ACS_5yr_2013,6.946246244
8832406,71629,472094,4677666,3186418,New Jersey,34,2013,ACS_5yr_2013,10.09251195
2069706,44927,94111,979565,761938,New Mexico,35,2013,ACS_5yr_2013,9.607427787
19487053,58003,921607,10009187,7234743,New York,36,2013,ACS_5yr_2013,9.207610968
9651380,46334,527430,4850140,3715565,North Carolina,37,2013,ACS_5yr_2013,10.87453146
689781,53741,12617,389669,287270,North Dakota,38,2013,ACS_5yr_2013,3.237876249
11549590,48308,582953,5859516,4557655,Ohio,39,2013,ACS_5yr_2013,9.948825125
3785742,45339,127842,1834366,1444081,Oklahoma,40,2013,ACS_5yr_2013,6.969274398
3868721,50229,221191,1961287,1516456,Oregon,41,2013,ACS_5yr_2013,11.2778497
12731381,52548,581533,6503761,4958427,Pennsylvania,42,2013,ACS_5yr_2013,8.941487856
3682966,19624,247824,1348444,1230868,Puerto Rico,72,2013,ACS_5yr_2013,18.37851628
1051695,56361,56125,569175,410058,Rhode Island,44,2013,ACS_5yr_2013,9.860763386
4679602,44779,258444,2295655,1780251,South Carolina,45,2013,ACS_5yr_2013,11.25796341
825198,49495,22250,444211,323136,South Dakota,46,2013,ACS_5yr_2013,5.008880915
6402387,44298,316682,3140665,2475195,Tennessee,47,2013,ACS_5yr_2013,10.08327854
25639373,51900,1020132,12691031,8886471,Texas,48,2013,ACS_5yr_2013,8.038212183
2813673,58821,101449,1382365,886770,Utah,49,2013,ACS_5yr_2013,7.33879981
625904,54267,23546,348495,257004,Vermont,50,2013,ACS_5yr_2013,6.756481442
8100653,63907,303129,4303611,3022739,Virginia,51,2013,ACS_5yr_2013,7.043596645
6819579,59478,327155,3526776,2629126,Washington,53,2013,ACS_5yr_2013,9.276319222
1853619,41043,69351,826225,741390,West Virginia,54,2013,ACS_5yr_2013,8.393718418
5706871,52413,239464,3082381,2288332,Wisconsin,55,2013,ACS_5yr_2013,7.768799509
570134,57406,16760,309519,222846,Wyoming,56,2013,ACS_5yr_2013,5.414853369
4817678,43511,228716,2253005,1842174,Alabama,1,2014,ACS_5yr_2014,10.15159753
728300,71829,32097,396856,251678,Alaska,2,2014,ACS_5yr_2014,8.087820267
6561516,49928,304067,3076534,2387246,Arizona,4,2014,ACS_5yr_2014,9.883427259
2947036,41264,115090,1372077,1132488,Arkansas,5,2014,ACS_5yr_2014,8.388013209
38066920,61489,2084564,19108876,12617280,California,6,2014,ACS_5yr_2014,10.90887816
5197580,59448,219241,2811701,1998314,Colorado,8,2014,ACS_5yr_2014,7.797450725
3592053,69899,186587,1962119,1356206,Connecticut,9,2014,ACS_5yr_2014,9.509464003
917060,60231,39819,469071,339046,Delaware,10,2014,ACS_5yr_2014,8.488906797
633736,69235,38496,367510,267415,District of Columbia,11,2014,ACS_5yr_2014,10.47481701
19361792,47212,1024905,9415088,7217508,Florida,12,2014,ACS_5yr_2014,10.88577186
9907756,49342,519291,4868842,3540690,Georgia,13,2014,ACS_5yr_2014,10.66559564
1392704,68201,46285,731400,450299,Hawaii,15,2014,ACS_5yr_2014,6.328274542
1599464,47334,61837,768276,585259,Idaho,16,2014,ACS_5yr_2014,8.048800171
12868747,57166,669561,6718857,4778633,Illinois,17,2014,ACS_5yr_2014,9.965400365
6542411,48737,290469,3288362,2492183,Indiana,18,2014,ACS_5yr_2014,8.833242812
3078116,52716,89414,1653714,1232228,Iowa,19,2014,ACS_5yr_2014,5.406859953
2882946,51872,97951,1507003,1112335,Kansas,20,2014,ACS_5yr_2014,6.499721633
4383272,43342,192877,2079258,1702235,Kentucky,21,2014,ACS_5yr_2014,9.276241813
4601049,44991,189644,2206928,1718876,Louisiana,22,2014,ACS_5yr_2014,8.593121298
1328535,48804,51931,700142,553086,Maine,23,2014,ACS_5yr_2014,7.417209652
5887776,74149,257918,3233680,2155983,Maryland,24,2014,ACS_5yr_2014,7.975990203
6657291,67846,309050,3667612,2538485,Massachusetts,25,2014,ACS_5yr_2014,8.426463868
9889024,49087,554747,4852108,3827880,Michigan,26,2014,ACS_5yr_2014,11.4331132
5383661,60828,192010,2976014,2115337,Minnesota,27,2014,ACS_5yr_2014,6.451918573
2984345,39464,147210,1356974,1092627,Mississippi,28,2014,ACS_5yr_2014,10.8484024
6028076,47764,254534,3054519,2361232,Missouri,29,2014,ACS_5yr_2014,8.333030503
1006370,46766,35284,519814,407797,Montana,30,2014,ACS_5yr_2014,6.787812564
1855617,52400,54785,1016841,731347,Nebraska,31,2014,ACS_5yr_2014,5.387764655
2761584,52205,166167,1415924,1005958,Nevada,32,2014,ACS_5yr_2014,11.7355875
1321069,65986,48029,742731,519580,New Hampshire,33,2014,ACS_5yr_2014,6.466540376
8874374,72062,453097,4695156,3188498,New Jersey,34,2014,ACS_5yr_2014,9.650307679
2080085,44968,93106,977579,764684,New Mexico,35,2014,ACS_5yr_2014,9.52414076
19594330,58687,893092,10054448,7255528,New York,36,2014,ACS_5yr_2014,8.882556258
9750405,46693,505668,4879118,3742514,North Carolina,37,2014,ACS_5yr_2014,10.36392233
704925,55579,12213,397250,292616,North Dakota,38,2014,ACS_5yr_2014,3.074386407
11560380,48849,536573,5848381,4570015,Ohio,39,2014,ACS_5yr_2014,9.17472716
3818851,46235,124804,1843140,1450117,Oklahoma,40,2014,ACS_5yr_2014,6.771270766
3900343,50521,206222,1961375,1522988,Oregon,41,2014,ACS_5yr_2014,10.51415461
12758729,53115,556468,6508402,4957736,Pennsylvania,42,2014,ACS_5yr_2014,8.5499943
3638965,19686,242808,1325326,1241454,Puerto Rico,72,2014,ACS_5yr_2014,18.32062451
1053252,56423,53761,568439,409569,Rhode Island,44,2014,ACS_5yr_2014,9.457655087
4727273,45033,242145,2306384,1795715,South Carolina,45,2014,ACS_5yr_2014,10.49890218
834708,50338,21364,450131,327101,South Dakota,46,2014,ACS_5yr_2014,4.746173892
6451365,44621,296819,3149077,2487349,Tennessee,47,2014,ACS_5yr_2014,9.425587244
26092033,52576,982580,12889163,9013582,Texas,48,2014,ACS_5yr_2014,7.623303391
2858111,59846,95738,1399952,896194,Utah,49,2014,ACS_5yr_2014,6.83866304
626358,54447,21643,347486,257252,Vermont,50,2014,ACS_5yr_2014,6.228452369
8185131,64792,293310,4338606,3041710,Virginia,51,2014,ACS_5yr_2014,6.76046638
6899123,60294,308955,3551870,2645396,Washington,53,2014,ACS_5yr_2014,8.698375785
1853881,41576,67035,821389,742359,West Virginia,54,2014,ACS_5yr_2014,8.161175764
5724692,52738,221662,3076311,2293250,Wisconsin,55,2014,ACS_5yr_2014,7.205448344
575251,58252,15950,310018,225514,Wyoming,56,2014,ACS_5yr_2014,5.144862556
4830620,43623,207097,2242401,1848325,Alabama,1,2015,ACS_5yr_2015,9.235502481
733375,72515,31285,399077,250969,Alaska,2,2015,ACS_5yr_2015,7.839339275
6641928,50255,275712,3106324,2412212,Arizona,4,2015,ACS_5yr_2015,8.875828793
2958208,41371,104943,1365791,1138025,Arkansas,5,2015,ACS_5yr_2015,7.683679275
38421464,61818,1891081,19269449,12717801,California,6,2015,ACS_5yr_2015,9.813882068
5278906,60629,195578,2852439,2024468,Colorado,8,2015,ACS_5yr_2015,6.856518229
3593222,70331,172292,1962170,1352583,Connecticut,9,2015,ACS_5yr_2015,8.780686689
926454,60509,36223,473007,344022,Delaware,10,2015,ACS_5yr_2015,7.658026203
647484,70848,35811,377072,273390,District of Columbia,11,2015,ACS_5yr_2015,9.497125217
19645772,47507,915976,9510681,7300494,Florida,12,2015,ACS_5yr_2015,9.631024319
10006693,49620,468932,4906258,3574362,Georgia,13,2015,ACS_5yr_2015,9.557834097
1406299,69515,42288,736939,450572,Hawaii,15,2015,ACS_5yr_2015,5.738331124
1616547,47583,55312,774526,589320,Idaho,16,2015,ACS_5yr_2015,7.14140003
12873761,57574,608516,6712162,4786388,Illinois,17,2015,ACS_5yr_2015,9.065871771
6568645,49255,258739,3300531,2501937,Indiana,18,2015,ACS_5yr_2015,7.839314341
3093526,53183,81735,1656968,1236409,Iowa,19,2015,ACS_5yr_2015,4.932804979
2892987,52205,88454,1507080,1113472,Kansas,20,2015,ACS_5yr_2015,5.869230565
4397353,43740,174308,2080437,1708499,Kentucky,21,2015,ACS_5yr_2015,8.378432031
4625253,45047,178150,2208869,1727919,Louisiana,22,2015,ACS_5yr_2015,8.065213464
1329100,49331,47497,697913,553284,Maine,23,2015,ACS_5yr_2015,6.805576053
5930538,74551,238027,3241222,2166389,Maryland,24,2015,ACS_5yr_2015,7.343742576
6705586,68563,280164,3700701,2549721,Massachusetts,25,2015,ACS_5yr_2015,7.570565685
9900571,49576,477746,4855005,3841148,Michigan,26,2015,ACS_5yr_2015,9.840278228
5419171,61492,167764,2996985,2124745,Minnesota,27,2015,ACS_5yr_2015,5.597759081
2988081,39665,138445,1352993,1096593,Mississippi,28,2015,ACS_5yr_2015,10.23249936
6045448,48173,226528,3053938,2364688,Missouri,29,2015,ACS_5yr_2015,7.417570363
1014699,47169,32361,521330,409394,Montana,30,2015,ACS_5yr_2015,6.20739263
1869365,52997,47602,1020419,736613,Nebraska,31,2015,ACS_5yr_2015,4.664946458
2798636,51847,148467,1424596,1016709,Nevada,32,2015,ACS_5yr_2015,10.42169148
1324201,66779,42733,742874,520251,New Hampshire,33,2015,ACS_5yr_2015,5.752388696
8904413,72093,413343,4702508,3189486,New Jersey,34,2015,ACS_5yr_2015,8.789841506
2084117,44963,88924,973891,763603,New Mexico,35,2015,ACS_5yr_2015,9.130795951
19673174,59269,829141,10107278,7262279,New York,36,2015,ACS_5yr_2015,8.203405506
9845333,46868,453420,4909108,3775581,North Carolina,37,2015,ACS_5yr_2015,9.236301177
721640,57181,11464,404820,299638,North Dakota,38,2015,ACS_5yr_2015,2.831875895
11575977,49429,477251,5852224,4585084,Ohio,39,2015,ACS_5yr_2015,8.155036444
3849733,46879,115978,1854061,1455321,Oklahoma,40,2015,ACS_5yr_2015,6.255349743
3939233,51243,184016,1976314,1533430,Oregon,41,2015,ACS_5yr_2015,9.311071014
12779559,53599,514993,6521759,4958859,Pennsylvania,42,2015,ACS_5yr_2015,7.896535275
3583073,19350,235772,1300388,1244202,Puerto Rico,72,2015,ACS_5yr_2015,18.13089632
1053661,56852,48418,569623,410602,Rhode Island,44,2015,ACS_5yr_2015,8.5000079
4777576,45483,217977,2323906,1815094,South Carolina,45,2015,ACS_5yr_2015,9.379768373
843190,50957,20220,453990,330858,South Dakota,46,2015,ACS_5yr_2015,4.453842596
6499615,45219,266297,3172519,2504556,Tennessee,47,2015,ACS_5yr_2015,8.393866199
26538614,53207,912068,13101788,9149196,Texas,48,2015,ACS_5yr_2015,6.961400994
2903379,60727,81870,1423700,906292,Utah,49,2015,ACS_5yr_2015,5.750509236
626604,55176,18957,346162,257167,Vermont,50,2015,ACS_5yr_2015,5.476337668
8256630,65015,276030,4376786,3062783,Virginia,51,2015,ACS_5yr_2015,6.306682575
6985464,61062,277806,3586261,2668912,Washington,53,2015,ACS_5yr_2015,7.746396595
1851420,41751,63341,815405,740890,West Virginia,54,2015,ACS_5yr_2015,7.768041648
5742117,53357,193763,3079657,2299107,Wisconsin,55,2015,ACS_5yr_2015,6.291707161
579679,58840,15002,311371,226865,Wyoming,56,2015,ACS_5yr_2015,4.818046639
4841164,44758,184479,2238654,1851061,Alabama,1,2016,ACS_5yr_2016,8.240621373
736855,74444,30139,400475,250235,Alaska,2,2016,ACS_5yr_2016,7.525813097
6728577,51340,249972,3146717,2448919,Arizona,4,2016,ACS_5yr_2016,7.943898355
2968472,42336,93190,1364187,1141480,Arkansas,5,2016,ACS_5yr_2016,6.831174905
38654206,63783,1683726,19391320,12807387,California,6,2016,ACS_5yr_2016,8.68288492
5359295,62520,171695,2897359,2051616,Colorado,8,2016,ACS_5yr_2016,5.92591391
3588570,71755,155005,1957060,1354713,Connecticut,9,2016,ACS_5yr_2016,7.920298816
934695,61017,33669,474821,348051,Delaware,10,2016,ACS_5yr_2016,7.090882669
659009,72935,33326,385056,276546,District of Columbia,11,2016,ACS_5yr_2016,8.65484501
19934451,48900,802016,9613594,7393262,Florida,12,2016,ACS_5yr_2016,8.342519977
10099320,51037,419113,4957087,3611706,Georgia,13,2016,ACS_5yr_2016,8.454824376
1413673,71977,38768,742161,452030,Hawaii,15,2016,ACS_5yr_2016,5.223664407
1635483,49174,48385,783014,596107,Idaho,16,2016,ACS_5yr_2016,6.179327573
12851684,59196,545635,6697000,4802124,Illinois,17,2016,ACS_5yr_2016,8.147454084
6589578,50433,228929,3316952,2513828,Indiana,18,2016,ACS_5yr_2016,6.901788148
3106589,54570,75289,1664170,1242641,Iowa,19,2016,ACS_5yr_2016,4.524117127
2898292,53571,79000,1505247,1115858,Kansas,20,2016,ACS_5yr_2016,5.248308085
4411989,44811,156509,2085433,1718217,Kentucky,21,2016,ACS_5yr_2016,7.504868294
4645670,45652,168326,2209139,1731398,Louisiana,22,2016,ACS_5yr_2016,7.6195296
1329923,50826,41620,696028,551109,Maine,23,2016,ACS_5yr_2016,5.979644497
5959902,76067,216086,3249911,2177492,Maryland,24,2016,ACS_5yr_2016,6.64898208
6742143,70954,252347,3725838,2558889,Massachusetts,25,2016,ACS_5yr_2016,6.772892434
9909600,50803,412934,4866369,3860394,Michigan,26,2016,ACS_5yr_2016,8.485464214
5450868,63217,145853,3012522,2135310,Minnesota,27,2016,ACS_5yr_2016,4.841558004
2989192,40528,128840,1351797,1098803,Mississippi,28,2016,ACS_5yr_2016,9.531016861
6059651,49593,200143,3055025,2372362,Missouri,29,2016,ACS_5yr_2016,6.551272085
1023391,48380,29382,523599,412653,Montana,30,2016,ACS_5yr_2016,5.611546241
1881259,54384,42544,1024737,741581,Nebraska,31,2016,ACS_5yr_2016,4.151699412
2839172,53094,133525,1443621,1030701,Nevada,32,2016,ACS_5yr_2016,9.24931128
1327503,68485,37727,746203,521373,New Hampshire,33,2016,ACS_5yr_2016,5.055862815
8915456,73702,368870,4699613,3195014,New Jersey,34,2016,ACS_5yr_2016,7.848944158
2082669,45674,81175,966377,762551,New Mexico,35,2016,ACS_5yr_2016,8.399930876
19697457,60741,759224,10123078,7266187,New York,36,2016,ACS_5yr_2016,7.499932333
9940828,48256,404584,4948265,3815392,North Carolina,37,2016,ACS_5yr_2016,8.176279969
736162,59114,11250,412931,305163,North Dakota,38,2016,ACS_5yr_2016,2.724426115
11586941,50674,423956,5857720,4601449,Ohio,39,2016,ACS_5yr_2016,7.237560006
3875589,48038,110120,1861235,1461500,Oklahoma,40,2016,ACS_5yr_2016,5.916501678
3982267,53270,160797,1995937,1545745,Oregon,41,2016,ACS_5yr_2016,8.056216203
12783977,54895,468440,6516915,4961929,Pennsylvania,42,2016,ACS_5yr_2016,7.188063677
3529385,19606,226880,1283190,1237180,Puerto Rico,72,2016,ACS_5yr_2016,17.68093579
1054491,58387,43600,567285,410240,Rhode Island,44,2016,ACS_5yr_2016,7.685731158
4834605,46898,194454,2354372,1839041,South Carolina,45,2016,ACS_5yr_2016,8.259272536
851058,52078,18636,455936,333536,South Dakota,46,2016,ACS_5yr_2016,4.087415778
6548009,46574,238372,3193436,2522204,Tennessee,47,2016,ACS_5yr_2016,7.464436425
26956435,54727,848131,13312277,9289554,Texas,48,2016,ACS_5yr_2016,6.371043812
2948427,62518,73114,1451339,918367,Utah,49,2016,ACS_5yr_2016,5.037692779
626249,56104,17087,344730,257107,Vermont,50,2016,ACS_5yr_2016,4.956632727
8310301,66149,255340,4403124,3090178,Virginia,51,2016,ACS_5yr_2016,5.799064482
7073146,62848,244692,3623304,2696606,Washington,53,2016,ACS_5yr_2016,6.753283743
1846092,42644,61215,812480,739397,West Virginia,54,2016,ACS_5yr_2016,7.534339307
5754798,54610,169426,3082186,2310246,Wisconsin,55,2016,ACS_5yr_2016,5.496942754
583029,59143,15118,311104,226985,Wyoming,56,2016,ACS_5yr_2016,4.859468216
4850771,46472,165391,2233209,1856695,Alabama,1,2017,ACS_5yr_2017,7.405979467
738565,76114,29548,400622,252536,Alaska,2,2017,ACS_5yr_2017,7.375531049
6809946,53510,225911,3197116,2482311,Arizona,4,2017,ACS_5yr_2017,7.066087061
2977944,43813,85128,1366102,1147291,Arkansas,5,2017,ACS_5yr_2017,6.231452703
38982847,67169,1491146,19612777,12888128,California,6,2017,ACS_5yr_2017,7.602931497
5436519,65458,152856,2946354,2082531,Colorado,8,2017,ACS_5yr_2017,5.187971303
3594478,73781,140712,1954364,1361755,Connecticut,9,2017,ACS_5yr_2017,7.199887022
943732,63036,30245,474774,352357,Delaware,10,2017,ACS_5yr_2017,6.37039939
672391,77649,31279,392421,277985,District of Columbia,11,2017,ACS_5yr_2017,7.970776284
20278447,50883,699117,9772762,7510882,Florida,12,2017,ACS_5yr_2017,7.153729928
10201635,52977,372581,5026306,3663104,Georgia,13,2017,ACS_5yr_2017,7.41262072
1421658,74923,34380,746440,455502,Hawaii,15,2017,ACS_5yr_2017,4.605862494
1657375,50985,42328,794662,609124,Idaho,16,2017,ACS_5yr_2017,5.326541347
12854526,61229,491310,6690195,4818452,Illinois,17,2017,ACS_5yr_2017,7.343732133
6614418,52182,202199,3329372,2537189,Indiana,18,2017,ACS_5yr_2017,6.073187376
3118102,56570,69018,1670448,1251587,Iowa,19,2017,ACS_5yr_2017,4.131705985
2903820,55477,71009,1509484,1121943,Kansas,20,2017,ACS_5yr_2017,4.704190306
4424376,46535,140717,2093572,1724514,Kentucky,21,2017,ACS_5yr_2017,6.721383358
4663461,46710,157186,2204055,1737645,Louisiana,22,2017,ACS_5yr_2017,7.131673211
1330158,53024,36790,697342,554061,Maine,23,2017,ACS_5yr_2017,5.275747051
5996079,78916,198375,3267069,2181093,Maryland,24,2017,ACS_5yr_2017,6.07195624
6789319,74167,224856,3755481,2585715,Massachusetts,25,2017,ACS_5yr_2017,5.987408803
9925568,52668,361624,4890342,3888646,Michigan,26,2017,ACS_5yr_2017,7.394656652
5490726,65699,130510,3036696,2153202,Minnesota,27,2017,ACS_5yr_2017,4.297763095
2986220,42009,117786,1349864,1103514,Mississippi,28,2017,ACS_5yr_2017,8.725767929
6075300,51542,175919,3062657,2386203,Missouri,29,2017,ACS_5yr_2017,5.74399941
1029862,50801,25076,526388,419975,Montana,30,2017,ACS_5yr_2017,4.763786409
1893921,56675,38881,1031005,748405,Nebraska,31,2017,ACS_5yr_2017,3.771174728
2887725,55434,116285,1465320,1052249,Nevada,32,2017,ACS_5yr_2017,7.935809243
1331848,71305,33566,748779,526710,New Hampshire,33,2017,ACS_5yr_2017,4.482764607
8960161,76475,328167,4724242,3199111,New Jersey,34,2017,ACS_5yr_2017,6.946447705
2084828,46718,73710,962123,770435,New Mexico,35,2017,ACS_5yr_2017,7.661182614
19798228,62765,685368,10176202,7302710,New York,36,2017,ACS_5yr_2017,6.735007815
10052564,50320,352287,5019831,3874346,North Carolina,37,2017,ACS_5yr_2017,7.017905583
745475,61285,11085,417893,311525,North Dakota,38,2017,ACS_5yr_2017,2.652592889
11609756,52407,378735,5875255,4633145,Ohio,39,2017,ACS_5yr_2017,6.446273396
3896251,49767,105375,1869043,1468971,Oklahoma,40,2017,ACS_5yr_2017,5.637912022
4025127,56119,138139,2026747,1571631,Oregon,41,2017,ACS_5yr_2017,6.815798913
12790505,56951,422016,6523666,5007442,Pennsylvania,42,2017,ACS_5yr_2017,6.469000712
3468963,19775,220597,1262220,1222606,Puerto Rico,72,2017,ACS_5yr_2017,17.47690577
1056138,61043,38634,568020,412028,Rhode Island,44,2017,ACS_5yr_2017,6.801521073
4893444,48781,170257,2381900,1871307,South Carolina,45,2017,ACS_5yr_2017,7.147949116
855444,54126,17018,458023,339458,South Dakota,46,2017,ACS_5yr_2017,3.715533936
6597381,48708,210756,3225549,2547194,Tennessee,47,2017,ACS_5yr_2017,6.533957475
27419612,57051,784888,13565038,9430419,Texas,48,2017,ACS_5yr_2017,5.786109851
2993941,65325,64314,1480657,938365,Utah,49,2017,ACS_5yr_2017,4.343612329
624636,57808,14969,342645,258535,Vermont,50,2017,ACS_5yr_2017,4.368661443
8365952,68766,236648,4431500,3105636,Virginia,51,2017,ACS_5yr_2017,5.340133138
7169967,66174,218821,3685819,2755697,Washington,53,2017,ACS_5yr_2017,5.936835205
1836843,44061,57659,805727,737671,West Virginia,54,2017,ACS_5yr_2017,7.15614594
5763217,56759,145271,3087719,2328754,Wisconsin,55,2017,ACS_5yr_2017,4.704799886
583200,60938,14459,310748,230237,Wyoming,56,2017,ACS_5yr_2017,4.652966391
4864680,48486,147898,2237164,1860269,Alabama,1,2018,ACS_5yr_2018,6.610959232
738516,76715,28067,396353,253462,Alaska,2,2018,ACS_5yr_2018,7.081313879
6946685,56213,210214,3274526,2524300,Arizona,4,2018,ACS_5yr_2018,6.41967723
2990671,45726,75774,1372359,1152175,Arkansas,5,2018,ACS_5yr_2018,5.521441547
39148760,71228,1321502,19758291,12965435,California,6,2018,ACS_5yr_2018,6.688341618
5531141,68811,139326,3012312,2113387,Colorado,8,2018,ACS_5yr_2018,4.625218105
3581504,76106,125909,1944843,1367374,Connecticut,9,2018,ACS_5yr_2018,6.473993016
949495,65627,28501,482623,357765,Delaware,10,2018,ACS_5yr_2018,5.905437578
684498,82604,29373,401740,281322,District of Columbia,11,2018,ACS_5yr_2018,7.311445213
20598139,53267,622978,9931799,7621760,Florida,12,2018,ACS_5yr_2018,6.272559483
10297484,55679,322854,5091132,3709488,Georgia,13,2018,ACS_5yr_2018,6.341497333
1422029,78084,32036,749527,456782,Hawaii,15,2018,ACS_5yr_2018,4.274162238
1687809,53089,37672,810430,618331,Idaho,16,2018,ACS_5yr_2018,4.64839653
12821497,63575,437139,6679997,4830038,Illinois,17,2018,ACS_5yr_2018,6.543999945
6637426,54325,180969,3348477,2553818,Indiana,18,2018,ACS_5yr_2018,5.40451674
3132499,58580,65216,1676339,1256855,Iowa,19,2018,ACS_5yr_2018,3.890382554
2908776,57422,65038,1511705,1124549,Kansas,20,2018,ACS_5yr_2018,4.302294429
4440204,48392,128358,2101888,1728681,Kentucky,21,2018,ACS_5yr_2018,6.106795414
4663616,47942,149850,2197041,1736021,Louisiana,22,2018,ACS_5yr_2018,6.820537259
1332813,55425,32203,699180,556955,Maine,23,2018,ACS_5yr_2018,4.605823965
6003435,81868,181089,3261655,2192518,Maryland,24,2018,ACS_5yr_2018,5.552058694
6830193,77378,203464,3778642,2601914,Massachusetts,25,2018,ACS_5yr_2018,5.384579963
9957488,54938,321008,4923316,3909509,Michigan,26,2018,ACS_5yr_2018,6.520158365
5527358,68411,119218,3053005,2167801,Minnesota,27,2018,ACS_5yr_2018,3.90493956
2988762,43567,110036,1349340,1105576,Mississippi,28,2018,ACS_5yr_2018,8.154801607
6090062,53560,155958,3062496,2396271,Missouri,29,2018,ACS_5yr_2018,5.092512774
1041732,52559,22433,532854,423240,Montana,30,2018,ACS_5yr_2018,4.209971212
1904760,59116,36545,1035610,754063,Nebraska,31,2018,ACS_5yr_2018,3.528838076
2922849,57598,101748,1480282,1075930,Nevada,32,2018,ACS_5yr_2018,6.873555174
1343622,74057,30392,756239,528078,New Hampshire,33,2018,ACS_5yr_2018,4.018835315
8881845,79363,285084,4684112,3213362,New Jersey,34,2018,ACS_5yr_2018,6.086190937
2092434,48059,68370,960566,775651,New Mexico,35,2018,ACS_5yr_2018,7.117678535
19618453,65323,602636,10070138,7316537,New York,36,2018,ACS_5yr_2018,5.984386709
10155624,52413,312610,5071505,3918597,North Carolina,37,2018,ACS_5yr_2018,6.16404795
752201,63473,11689,418604,314903,North Dakota,38,2018,ACS_5yr_2018,2.792376566
11641879,54533,343232,5901307,4654075,Ohio,39,2018,ACS_5yr_2018,5.816203089
3918137,51424,99087,1878306,1474620,Oklahoma,40,2018,ACS_5yr_2018,5.275338523
4081943,59393,123485,2061035,1591835,Oregon,41,2018,ACS_5yr_2018,5.99140723
12791181,59445,379765,6536846,5025132,Pennsylvania,42,2018,ACS_5yr_2018,5.809606039
3386941,20166,209950,1240033,1205075,Puerto Rico,72,2018,ACS_5yr_2018,16.93100103
1056611,63296,34479,565997,410885,Rhode Island,44,2018,ACS_5yr_2018,6.091728401
4955925,51015,153242,2411983,1894711,South Carolina,45,2018,ACS_5yr_2018,6.353361529
864289,56499,16252,461750,341565,South Dakota,46,2018,ACS_5yr_2018,3.519653492
6651089,50972,191544,3257398,2567061,Tennessee,47,2018,ACS_5yr_2018,5.88027622
27885195,59570,743006,13818331,9553046,Texas,48,2018,ACS_5yr_2018,5.376959055
3045350,68374,58958,1514938,957619,Utah,49,2018,ACS_5yr_2018,3.891776429
624977,60076,13878,343168,259589,Vermont,50,2018,ACS_5yr_2018,4.044083364
8413774,71564,217670,4450906,3128415,Virginia,51,2018,ACS_5yr_2018,4.890464997
7294336,70116,198330,3761036,2800423,Washington,53,2018,ACS_5yr_2018,5.273281085
1829054,44921,53750,797423,734676,West Virginia,54,2018,ACS_5yr_2018,6.740462716
5778394,59209,124792,3092330,2343129,Wisconsin,55,2018,ACS_5yr_2018,4.035533077
581836,62268,13685,307485,230630,Wyoming,56,2018,ACS_5yr_2018,4.450623608
4876250,50536,132095,2242785,1867893,Alabama,1,2019,ACS_5yr_2019,5.889775435
737068,77640,26808,392338,253346,Alaska,2,2019,ACS_5yr_2019,6.832883891
7050299,58945,195905,3346155,2571268,Arizona,4,2019,ACS_5yr_2019,5.854630165
2999370,47597,70481,1378722,1158071,Arkansas,5,2019,ACS_5yr_2019,5.112053046
39283497,75235,1199233,19921547,13044266,California,6,2019,ACS_5yr_2019,6.019778484
5610349,72331,131371,3069631,2148994,Colorado,8,2019,ACS_5yr_2019,4.279700068
3575074,78444,116456,1940825,1370746,Connecticut,9,2019,ACS_5yr_2019,6.000334909
957248,68287,26481,485533,363322,Delaware,10,2019,ACS_5yr_2019,5.454006216
692683,86420,27967,407904,284386,District of Columbia,11,2019,ACS_5yr_2019,6.856270103
20901636,55660,561448,10116026,7736311,Florida,12,2019,ACS_5yr_2019,5.550084589
10403847,58700,290560,5174538,3758798,Georgia,13,2019,ACS_5yr_2019,5.615187288
1422094,81275,30269,752064,459424,Hawaii,15,2019,ACS_5yr_2019,4.024790443
1717750,55785,35879,832286,630008,Idaho,16,2019,ACS_5yr_2019,4.310897937
12770631,65886,394981,6663517,4846134,Illinois,17,2019,ACS_5yr_2019,5.927515455
6665703,56303,161351,3367521,2570419,Indiana,18,2019,ACS_5yr_2019,4.791388086
3139508,60523,62573,1678141,1265473,Iowa,19,2019,ACS_5yr_2019,3.728709328
2910652,59597,61002,1519790,1129227,Kansas,20,2019,ACS_5yr_2019,4.013844018
4449052,50589,116945,2109169,1734618,Kentucky,21,2019,ACS_5yr_2019,5.544600741
4664362,49469,141020,2191990,1739497,Louisiana,22,2019,ACS_5yr_2019,6.43342351
1335492,57918,28922,701270,559921,Maine,23,2019,ACS_5yr_2019,4.124231751
6018848,84805,164396,3269234,2205204,Maryland,24,2019,ACS_5yr_2019,5.02857856
6850553,81215,183355,3800931,2617497,Massachusetts,25,2019,ACS_5yr_2019,4.823949711
9965265,57144,293894,4953003,3935041,Michigan,26,2019,ACS_5yr_2019,5.933652776
5563378,71306,111115,3072244,2185603,Minnesota,27,2019,ACS_5yr_2019,3.616737473
2984418,45081,99733,1346678,1104394,Mississippi,28,2019,ACS_5yr_2019,7.405853515
6104910,55461,139789,3074639,2414521,Missouri,29,2019,ACS_5yr_2019,4.546517494
1050649,54970,21513,536872,427871,Montana,30,2019,ACS_5yr_2019,4.007100389
1914571,61439,34535,1039498,759176,Nebraska,31,2019,ACS_5yr_2019,3.322276714
2972382,60365,92426,1507387,1098602,Nevada,32,2019,ACS_5yr_2019,6.131537555
1348124,76768,27430,759081,532037,New Hampshire,33,2019,ACS_5yr_2019,3.613580105
8878503,82545,258093,4689849,3231874,New Jersey,34,2019,ACS_5yr_2019,5.503226223
2092454,49754,63458,961999,780249,New Mexico,35,2019,ACS_5yr_2019,6.596472554
19572319,68486,547509,10069219,7343234,New York,36,2019,ACS_5yr_2019,5.437452498
10264876,54602,281344,5139789,3965482,North Carolina,37,2019,ACS_5yr_2019,5.473843382
756717,64894,11406,420291,318322,North Dakota,38,2019,ACS_5yr_2019,2.713833986
11655397,56602,314483,5918471,4676358,Ohio,39,2019,ACS_5yr_2019,5.313585215
3932870,52919,94834,1885928,1480061,Oklahoma,40,2019,ACS_5yr_2019,5.02850586
4129803,62818,114559,2096692,1611982,Oregon,41,2019,ACS_5yr_2019,5.463797258
12791530,61744,347378,6553389,5053106,Pennsylvania,42,2019,ACS_5yr_2019,5.30073829
3318447,20539,196934,1227292,1192654,Puerto Rico,72,2019,ACS_5yr_2019,16.04622209
1057231,67167,30455,567926,410489,Rhode Island,44,2019,ACS_5yr_2019,5.362494409
5020806,53199,139526,2447854,1921862,South Carolina,45,2019,ACS_5yr_2019,5.69993145
870638,58275,15736,462290,344397,South Dakota,46,2019,ACS_5yr_2019,3.403923944
6709356,53320,172799,3301501,2597292,Tennessee,47,2019,ACS_5yr_2019,5.233952678
28260856,61874,708827,14055852,9691647,Texas,48,2019,ACS_5yr_2019,5.042931585
3096848,71621,55539,1557215,977313,Utah,49,2019,ACS_5yr_2019,3.566559531
624313,61973,12323,341932,260029,Vermont,50,2019,ACS_5yr_2019,3.603932946
8454463,74222,200850,4477253,3151045,Virginia,51,2019,ACS_5yr_2019,4.486009613
7404107,73775,187330,3834480,2848396,Washington,53,2019,ACS_5yr_2019,4.885408191
1817305,46711,51910,794126,732585,West Virginia,54,2019,ACS_5yr_2019,6.536746058
5790716,61747,111564,3097113,2358156,Wisconsin,55,2019,ACS_5yr_2019,3.602193398
581024,64049,13544,305004,230101,Wyoming,56,2019,ACS_5yr_2019,4.4405975
4893186,52035,125343,2259980,1888504,Alabama,1,2020,ACS_5yr_2020,5.546199524
736990,77790,26429,386787,255173,Alaska,2,2020,ACS_5yr_2020,6.832959743
7174064,61529,199358,3436482,2643430,Arizona,4,2020,ACS_5yr_2020,5.801223461
3011873,49475,71704,1386758,1170544,Arkansas,5,2020,ACS_5yr_2020,5.170620974
39346023,78672,1229079,20016955,13103114,California,6,2020,ACS_5yr_2020,6.140189654
5684926,75231,142722,3115754,2137402,Colorado,8,2020,ACS_5yr_2020,4.580656881
3570549,79855,116234,1933145,1385437,Connecticut,9,2020,ACS_5yr_2020,6.012689167
967679,69110,28334,489325,370953,Delaware,10,2020,ACS_5yr_2020,5.790425586
701974,90842,29290,414396,288307,District of Columbia,11,2020,ACS_5yr_2020,7.068118418
21216924,57703,556113,10308068,7931313,Florida,12,2020,ACS_5yr_2020,5.394929486
10516579,61224,291506,5254983,3830264,Georgia,13,2020,ACS_5yr_2020,5.547230124
1420074,83173,32187,750350,467932,Hawaii,15,2020,ACS_5yr_2020,4.289598188
1754367,58915,35955,858590,649299,Idaho,16,2020,ACS_5yr_2020,4.187679801
12716164,68428,395142,6650033,4884061,Illinois,17,2020,ACS_5yr_2020,5.941955476
6696893,58235,159865,3383365,2602770,Indiana,18,2020,ACS_5yr_2020,4.725029667
3150011,61836,65738,1679440,1273941,Iowa,19,2020,ACS_5yr_2020,3.914280951
2912619,61091,61359,1523349,1141985,Kansas,20,2020,ACS_5yr_2020,4.027901682
4461952,52238,113295,2121356,1748053,Kentucky,21,2020,ACS_5yr_2020,5.340687749
4664616,50800,142088,2185171,1751956,Louisiana,22,2020,ACS_5yr_2020,6.502374414
1340825,59489,28442,706220,569551,Maine,23,2020,ACS_5yr_2020,4.027356914
6037624,87063,167571,3275954,2230527,Maryland,24,2020,ACS_5yr_2020,5.115181715
6873003,84385,193769,3815083,2646980,Massachusetts,25,2020,ACS_5yr_2020,5.079024493
9973907,59234,298142,4961054,3980408,Michigan,26,2020,ACS_5yr_2020,6.009650369
5600166,73382,117117,3078339,2207988,Minnesota,27,2020,ACS_5yr_2020,3.80455174
2981835,46511,95379,1351695,1116649,Mississippi,28,2020,ACS_5yr_2020,7.056251595
6124160,57290,138673,3090253,2440212,Missouri,29,2020,ACS_5yr_2020,4.487431935
1061705,56539,22541,545629,436048,Montana,30,2020,ACS_5yr_2020,4.131195373
1923826,63015,35114,1040763,766663,Nebraska,31,2020,ACS_5yr_2020,3.3738709
3030281,62043,100222,1534671,1130011,Nevada,32,2020,ACS_5yr_2020,6.530520222
1355244,77923,28479,761007,539116,New Hampshire,33,2020,ACS_5yr_2020,3.742278323
8885418,85245,271795,4709106,3272054,New Jersey,34,2020,ACS_5yr_2020,5.771689998
2097021,51243,62580,962807,792755,New Mexico,35,2020,ACS_5yr_2020,6.499745016
19514849,71117,570570,10032721,7417224,New York,36,2020,ACS_5yr_2020,5.687091269
10386227,56642,278344,5210600,4031592,North Carolina,37,2020,ACS_5yr_2020,5.341880014
760394,65315,12861,421736,320873,North Dakota,38,2020,ACS_5yr_2020,3.0495381
11675275,58116,313829,5927187,4717226,Ohio,39,2020,ACS_5yr_2020,5.294737622
3949342,53840,95441,1893873,1493569,Oklahoma,40,2020,ACS_5yr_2020,5.039461463
4176346,65667,116297,2134435,1642579,Oregon,41,2020,ACS_5yr_2020,5.44860818
12794885,63627,351248,6566126,5106601,Pennsylvania,42,2020,ACS_5yr_2020,5.349394757
3255642,21058,182171,1210925,1205749,Puerto Rico,72,2020,ACS_5yr_2020,15.043954
1057798,70305,31263,570567,414730,Rhode Island,44,2020,ACS_5yr_2020,5.479286394
5091517,54864,135484,2484102,1961481,South Carolina,45,2020,ACS_5yr_2020,5.454043352
879336,59896,16281,466573,347878,South Dakota,46,2020,ACS_5yr_2020,3.489486104
6772268,54833,177361,3343918,2639455,Tennessee,47,2020,ACS_5yr_2020,5.303987717
28635442,63826,752884,14309066,9906070,Texas,48,2020,ACS_5yr_2020,5.261587304
3151239,74197,57829,1600462,1003345,Utah,49,2020,ACS_5yr_2020,3.613269169
624340,63477,12845,342240,262852,Vermont,50,2020,ACS_5yr_2020,3.753214119
8509358,76398,202745,4508686,3184121,Virginia,51,2020,ACS_5yr_2020,4.496764689
7512465,77006,188562,3904996,2905822,Washington,53,2020,ACS_5yr_2020,4.828737341
1807426,48037,52031,798208,734235,West Virginia,54,2020,ACS_5yr_2020,6.518476387
5806975,63293,109854,3096518,2377935,Wisconsin,55,2020,ACS_5yr_2020,3.547662245
581348,65304,13222,303956,233231,Wyoming,56,2020,ACS_5yr_2020,4.349971706
4997675,54943,124416,2313616,1902983,Alabama,1,2021,ACS_5yr_2021,5.377556172
735951,80287,25054,383795,260561,Alaska,2,2021,ACS_5yr_2021,6.527964148
7079203,65913,191115,3424193,2683557,Arizona,4,2021,ACS_5yr_2021,5.581315072
3006309,52123,73733,1390373,1158460,Arkansas,5,2021,ACS_5yr_2021,5.30310931
39455353,84097,1303741,20129162,13217586,California,6,2021,ACS_5yr_2021,6.476876683
5723176,80184,145038,3157660,2227932,Colorado,8,2021,ACS_5yr_2021,4.593211429
3605330,83572,117631,1950007,1397324,Connecticut,9,2021,ACS_5yr_2021,6.03233732
981892,72724,27993,496804,381097,Delaware,10,2021,ACS_5yr_2021,5.634616468
683154,93547,28493,405651,310104,District of Columbia,11,2021,ACS_5yr_2021,7.024018183
21339762,61777,552125,10448290,8157420,Florida,12,2021,ACS_5yr_2021,5.284357536
10625615,65030,290843,5329864,3885371,Georgia,13,2021,ACS_5yr_2021,5.456855935
1453498,88005,37152,764801,478413,Hawaii,15,2021,ACS_5yr_2021,4.857734234
1811617,63377,35633,887977,657101,Idaho,16,2021,ACS_5yr_2021,4.012829161
12821813,72563,413041,6705184,4930255,Illinois,17,2021,ACS_5yr_2021,6.16002484
6751340,61944,160490,3416171,2622601,Indiana,18,2021,ACS_5yr_2021,4.697949839
3179090,65429,65900,1689338,1275893,Iowa,19,2021,ACS_5yr_2021,3.900936343
2932099,64521,61847,1530430,1139738,Kansas,20,2021,ACS_5yr_2021,4.041151833
4494141,55454,112695,2135988,1748475,Kentucky,21,2021,ACS_5yr_2021,5.276012787
4657305,53571,146299,2179709,1748688,Louisiana,22,2021,ACS_5yr_2021,6.711859244
1357046,63182,30163,713221,571064,Maine,23,2021,ACS_5yr_2021,4.229123932
6148545,91431,175507,3330279,2294270,Maryland,24,2021,ACS_5yr_2021,5.270038937
6991852,89026,209959,3882484,2714448,Massachusetts,25,2021,ACS_5yr_2021,5.407852293
10062512,63202,310551,5007906,3976729,Michigan,26,2021,ACS_5yr_2021,6.201214639
5670472,77706,125307,3109813,2229100,Minnesota,27,2021,ACS_5yr_2021,4.02940627
2967023,49111,91177,1345038,1108670,Mississippi,28,2021,ACS_5yr_2021,6.778767589
6141534,61043,138820,3104195,2433819,Missouri,29,2021,ACS_5yr_2021,4.472012873
1077978,60560,22303,552144,436481,Montana,30,2021,ACS_5yr_2021,4.039344809
1951480,66644,34474,1052366,766887,Nebraska,31,2021,ACS_5yr_2021,3.275856499
3059238,65686,109512,1549597,1141952,Nevada,32,2021,ACS_5yr_2021,7.067127776
1372175,83449,28947,769793,540498,New Hampshire,33,2021,ACS_5yr_2021,3.760361552
9234024,89703,304973,4905036,3397156,New Jersey,34,2021,ACS_5yr_2021,6.217548658
2109366,54020,63136,964460,797596,New Mexico,35,2021,ACS_5yr_2021,6.546253862
20114745,75157,642913,10331727,7530150,New York,36,2021,ACS_5yr_2021,6.222706039
10367022,60516,273629,5219602,4034684,North Carolina,37,2021,ACS_5yr_2021,5.242334569
773344,68131,13152,424182,316542,North Dakota,38,2021,ACS_5yr_2021,3.100555893
11769923,61938,314406,5981645,4754161,Ohio,39,2021,ACS_5yr_2021,5.256179529
3948136,56956,94856,1902597,1503868,Oklahoma,40,2021,ACS_5yr_2021,4.985606516
4207177,70084,120586,2150814,1658091,Oregon,41,2021,ACS_5yr_2021,5.606528505
12970650,67587,367296,6671309,5147783,Pennsylvania,42,2021,ACS_5yr_2021,5.505606171
3311274,21967,180168,1238879,1196790,Puerto Rico,72,2021,ACS_5yr_2021,14.5428246
1091949,74489,35428,592466,426769,Rhode Island,44,2021,ACS_5yr_2021,5.979752425
5078903,58234,130624,2479690,1976447,South Carolina,45,2021,ACS_5yr_2021,5.267755244
881785,63920,14841,466180,345779,South Dakota,46,2021,ACS_5yr_2021,3.183534257
6859497,58516,179568,3399281,2664791,Tennessee,47,2021,ACS_5yr_2021,5.282528864
28862581,67321,771586,14492816,10239341,Texas,48,2021,ACS_5yr_2021,5.323920486
3231370,79133,58170,1653818,1033651,Utah,49,2021,ACS_5yr_2021,3.51731569
641637,67674,13668,349819,262514,Vermont,50,2021,ACS_5yr_2021,3.907163419
8582479,80615,202807,4552635,3248528,Virginia,51,2021,ACS_5yr_2021,4.454716884
7617364,82400,198259,3958572,2931841,Washington,53,2021,ACS_5yr_2021,5.008346444
1801049,50884,50277,788433,711352,West Virginia,54,2021,ACS_5yr_2021,6.376825932
5871661,67080,109017,3127362,2401818,Wisconsin,55,2021,ACS_5yr_2021,3.48590921
576641,68002,12464,300833,230653,Wyoming,56,2021,ACS_5yr_2021,4.143162485
5028092,59609,120030,2345086,1933150,Alabama,1,2022,ACS_5yr_2022,5.118362397
734821,86370,23035,383078,264376,Alaska,2,2022,ACS_5yr_2022,6.013135706
7172282,72581,186058,3490030,2739136,Arizona,4,2022,ACS_5yr_2022,5.331128959
3018669,56335,71601,1397075,1171694,Arkansas,5,2022,ACS_5yr_2022,5.125064868
39356104,91905,1282055,20168662,13315822,California,6,2022,ACS_5yr_2022,6.356668578
5770790,87598,143483,3205413,2278044,Colorado,8,2022,ACS_5yr_2022,4.476271856
3611317,90213,115050,1955341,1409807,Connecticut,9,2022,ACS_5yr_2022,5.883884192
993635,79325,27315,505728,389000,Delaware,10,2022,ACS_5yr_2022,5.401124715
670587,101722,28264,400930,315785,District of Columbia,11,2022,ACS_5yr_2022,7.049609658
21634529,67917,531896,10629693,8353441,Florida,12,2022,ACS_5yr_2022,5.00386982
10722325,71355,280651,5406476,3946490,Georgia,13,2022,ACS_5yr_2022,5.191015367
1450589,94814,35913,760387,483906,Hawaii,15,2022,ACS_5yr_2022,4.722989741
1854109,70214,34154,912877,675323,Idaho,16,2022,ACS_5yr_2022,3.741358365
12757634,78433,397747,6697663,4968761,Illinois,17,2022,ACS_5yr_2022,5.938593805
6784403,67173,154602,3446205,2653596,Indiana,18,2022,ACS_5yr_2022,4.486152159
3188836,70571,64695,1695226,1290139,Iowa,19,2022,ACS_5yr_2022,3.816305319
2935922,69747,60636,1533709,1148635,Kansas,20,2022,ACS_5yr_2022,3.953553119
4502935,60183,108558,2147538,1769102,Kentucky,21,2022,ACS_5yr_2022,5.054997863
4640546,57852,142144,2180175,1765264,Louisiana,22,2022,ACS_5yr_2022,6.519843591
1366949,68251,28762,714333,580172,Maine,23,2022,ACS_5yr_2022,4.026413451
6161707,98461,168965,3331958,2318124,Maryland,24,2022,ACS_5yr_2022,5.071042312
6984205,96505,206164,3882906,2740995,Massachusetts,25,2022,ACS_5yr_2022,5.309528482
10057921,68505,302167,5018590,4009253,Michigan,26,2022,ACS_5yr_2022,6.020954093
5695292,84313,123497,3116753,2256126,Minnesota,27,2022,ACS_5yr_2022,3.962360829
2958846,52985,85519,1344337,1121269,Mississippi,28,2022,ACS_5yr_2022,6.361425744
6154422,65920,132657,3107514,2458324,Missouri,29,2022,ACS_5yr_2022,4.268910776
1091840,66341,21635,559429,443917,Montana,30,2022,ACS_5yr_2022,3.867336159
1958939,71722,32157,1054285,776379,Nebraska,31,2022,ACS_5yr_2022,3.050124018
3104817,71646,109909,1578524,1163671,Nevada,32,2022,ACS_5yr_2022,6.962770284
1379610,90845,27426,770353,545116,New Hampshire,33,2022,ACS_5yr_2022,3.560186045
9249063,97126,307824,4939081,3438162,New Jersey,34,2022,ACS_5yr_2022,6.232414492
2112463,58722,59989,976697,812852,New Mexico,35,2022,ACS_5yr_2022,6.142027671
19994379,81386,638401,10279583,7604523,New York,36,2022,ACS_5yr_2022,6.210378378
10470214,66186,263374,5290874,4105232,North Carolina,37,2022,ACS_5yr_2022,4.977892121
776874,73959,12191,423612,320038,North Dakota,38,2022,ACS_5yr_2022,2.877869371
11774683,66990,300192,5998649,4789408,Ohio,39,2022,ACS_5yr_2022,5.004326808
3970497,61364,92216,1915098,1522711,Oklahoma,40,2022,ACS_5yr_2022,4.815210501
4229374,76632,119746,2169277,1680800,Oregon,41,2022,ACS_5yr_2022,5.520088029
12989208,73170,358729,6689654,5193727,Pennsylvania,42,2022,ACS_5yr_2022,5.362444754
3272382,24002,165697,1250216,1219658,Puerto Rico,72,2022,ACS_5yr_2022,13.2534698
1094250,81370,34616,592606,432219,Rhode Island,44,2022,ACS_5yr_2022,5.84131784
5142750,63623,128211,2517626,2023085,South Carolina,45,2022,ACS_5yr_2022,5.092535587
890342,69457,14552,471697,351182,South Dakota,46,2022,ACS_5yr_2022,3.085031281
6923772,64035,172829,3450165,2713635,Tennessee,47,2022,ACS_5yr_2022,5.009296657
29243342,73035,766007,14784312,10490553,Texas,48,2022,ACS_5yr_2022,5.181215061
3283809,86833,56860,1702399,1062819,Utah,49,2022,ACS_5yr_2022,3.339992563
643816,74014,13466,351783,265858,Vermont,50,2022,ACS_5yr_2022,3.827928012
8624511,87249,197001,4570843,3289776,Virginia,51,2022,ACS_5yr_2022,4.309948953
7688549,90325,197009,4010799,2979272,Washington,53,2022,ACS_5yr_2022,4.911963925
1792967,55217,47503,786112,716040,West Virginia,54,2022,ACS_5yr_2022,6.042777619
5882128,72458,105086,3129606,2425488,Wisconsin,55,2022,ACS_5yr_2022,3.357802867
577929,72495,11456,302838,234156,Wyoming,56,2022,ACS_5yr_2022,3.782880616
5054253,62027,112849,2358667,1969105,Alabama,1,2023,ACS_5yr_2023,4.784439686
733971,89336,20644,380935,267865,Alaska,2,2023,ACS_5yr_2023,5.419297255
7268175,76872,182184,3547314,2796790,Arizona,4,2023,ACS_5yr_2023,5.135829532
3032651,58773,71269,1405609,1189160,Arkansas,5,2023,ACS_5yr_2023,5.070328946
39242785,96334,1282259,20144078,13434847,California,6,2023,ACS_5yr_2023,6.365439014
5810774,92470,143373,3237720,2325576,Colorado,8,2023,ACS_5yr_2023,4.428208739
3598348,93760,109838,1953702,1420170,Connecticut,9,2023,ACS_5yr_2023,5.622044713
1005872,82855,25640,511321,396209,Delaware,10,2023,ACS_5yr_2023,5.014462539
672079,106287,25748,400621,321556,District of Columbia,11,2023,ACS_5yr_2023,6.427022048
21928881,71711,516132,10803556,8550911,Florida,12,2023,ACS_5yr_2023,4.777426988
10822590,74664,276950,5467313,4008013,Georgia,13,2023,ACS_5yr_2023,5.065559627
1445635,98317,35378,752761,488991,Hawaii,15,2023,ACS_5yr_2023,4.699765264
1893296,74636,34229,935761,693821,Idaho,16,2023,ACS_5yr_2023,3.657878454
12692653,81702,384790,6658874,5001904,Illinois,17,2023,ACS_5yr_2023,5.778604611
6811752,70051,148579,3456888,2681537,Indiana,18,2023,ACS_5yr_2023,4.298056518
3195937,73147,61411,1694191,1303763,Iowa,19,2023,ACS_5yr_2023,3.624797912
2937569,72639,59154,1534589,1160715,Kansas,20,2023,ACS_5yr_2023,3.854712891
4510725,62417,103267,2150592,1791991,Kentucky,21,2023,ACS_5yr_2023,4.801794111
4621025,60023,135734,2168876,1783168,Louisiana,22,2023,ACS_5yr_2023,6.25826465
1377400,71773,28048,718405,589085,Maine,23,2023,ACS_5yr_2023,3.904204453
6170738,101652,162773,3328517,2339510,Maryland,24,2023,ACS_5yr_2023,4.890255931
6992395,101341,199882,3892683,2762070,Massachusetts,25,2023,ACS_5yr_2023,5.134813187
10051595,71149,290715,5008264,4040168,Michigan,26,2023,ACS_5yr_2023,5.804705982
5713716,87556,122323,3115750,2282967,Minnesota,27,2023,ACS_5yr_2023,3.925956832
2951438,54915,79706,1340330,1131760,Mississippi,28,2023,ACS_5yr_2023,5.946744458
6168181,68920,127719,3121721,2484834,Missouri,29,2023,ACS_5yr_2023,4.09130092
1105072,69922,21045,564064,452683,Montana,30,2023,ACS_5yr_2023,3.730959607
1965926,74985,31428,1056798,786885,Nebraska,31,2023,ACS_5yr_2023,2.97388905
3141000,75561,107736,1595039,1183393,Nevada,32,2023,ACS_5yr_2023,6.754442995
1387834,95628,25914,772933,551186,New Hampshire,33,2023,ACS_5yr_2023,3.352683868
9267014,101050,304881,4961028,3478355,New Jersey,34,2023,ACS_5yr_2023,6.145520646
2114768,62125,58121,985090,825021,New Mexico,35,2023,ACS_5yr_2023,5.900070044
19872319,84578,632127,10226460,7668956,New York,36,2023,ACS_5yr_2023,6.18128854
10584340,69904,253256,5351978,4186924,North Carolina,37,2023,ACS_5yr_2023,4.732007493
779361,75949,11847,423728,325079,North Dakota,38,2023,ACS_5yr_2023,2.795897368
11780046,69680,290011,5996927,4829571,Ohio,39,2023,ACS_5yr_2023,4.835993501
3995260,63603,93199,1925085,1542780,Oklahoma,40,2023,ACS_5yr_2023,4.841292722
4238714,80426,116411,2172047,1701548,Oregon,41,2023,ACS_5yr_2023,5.359506493
12986518,76081,349819,6674961,5235339,Pennsylvania,42,2023,ACS_5yr_2023,5.240764703
3254885,25096,153090,1269847,1239243,Puerto Rico,72,2023,ACS_5yr_2023,12.0557831
1095371,86372,33634,593598,436902,Rhode Island,44,2023,ACS_5yr_2023,5.666124212
5212774,66818,124521,2552710,2070390,South Carolina,45,2023,ACS_5yr_2023,4.877992408
899194,72421,14163,475387,358552,South Dakota,46,2023,ACS_5yr_2023,2.9792569
6986082,67097,164163,3485218,2768743,Tennessee,47,2023,ACS_5yr_2023,4.710264896
29640343,76292,765912,15025019,10747240,Texas,48,2023,ACS_5yr_2023,5.09757758
3331187,91750,59150,1739665,1094896,Utah,49,2023,ACS_5yr_2023,3.4000799
645254,78024,12815,351168,269466,Vermont,50,2023,ACS_5yr_2023,3.649250501
8657499,90974,191415,4580910,3326260,Virginia,51,2023,ACS_5yr_2023,4.178536579
7740984,94952,198360,4043093,3020558,Washington,53,2023,ACS_5yr_2023,4.906144875
1784462,57917,45018,788145,721448,West Virginia,54,2023,ACS_5yr_2023,5.711893116
5892023,75670,102659,3125057,2446028,Wisconsin,55,2023,ACS_5yr_2023,3.285028081
579761,74815,11118,300480,238176,Wyoming,56,2023,ACS_5yr_2023,3.700079872
